paper_id,time_start_ms,time_end_ms,m1_pct,m2_pct,m3_pct,m4_pct,m5_pct,m6_pct,edge_safety_factor,source,confidence
P02,6,7,0.009,1.474,98.391,0.086,0.017,0.013,3.310,Table 2,exact_table
P02,7,8,0.004,2.080,97.828,0.058,0.012,0.009,3.097,Table 2,exact_table
P02,8,9,0.005,1.343,98.537,0.082,0.012,0.091,2.990,Table 2,exact_table
P02,9,10,0.013,3.645,94.995,1.122,0.121,0.049,2.951,Table 2,exact_table
P02,10,11,0.018,7.815,91.703,0.224,0.122,0.074,2.921,Table 2,exact_table
P02,11,12,0.030,13.352,86.250,0.219,0.064,0.045,2.871,Table 2,exact_table
P02,12,13,0.027,14.405,81.348,2.031,1.265,0.771,2.825,Table 2,exact_table
P02,13,14,0.032,22.763,76.415,0.477,0.199,0.048,2.774,Table 2,exact_table
P02,14,15,0.018,13.079,82.151,3.191,1.231,0.183,2.830,Table 2,exact_table
P02,15,16,0.028,26.548,72.073,1.202,0.058,0.040,2.716,Table 2,exact_table
P02,16,17,0.030,5.713,93.866,0.184,0.089,0.085,2.960,Table 2,exact_table
P02,17,18,0.024,10.126,83.059,4.578,1.472,0.563,2.856,Table 2,exact_table
P02,18,19,0.013,14.457,85.115,2.309,0.049,0.031,2.864,Table 2,exact_table
P02,19,20,0.032,11.278,86.080,1.943,0.485,0.102,2.876,Table 2,exact_table
P02,20,21,0.009,4.221,95.502,0.223,0.013,0.011,2.970,Table 2,exact_table
P02,21,22,0.021,13.428,83.795,2.033,0.475,0.164,2.848,Table 2,exact_table
P02,22,23,0.030,16.597,82.848,0.394,0.067,0.043,2.830,Table 2,exact_table
P02,23,24,0.023,1.968,97.932,0.051,0.017,0.010,3.065,Table 2,exact_table
P02,24,25,0.011,3.604,96.232,0.090,0.041,0.012,3.015,Table 2,exact_table
P02,25,26,0.009,1.843,98.031,0.061,0.027,0.019,3.172,Table 2,exact_table
