paper_id,figure,panel,pressure_Torr,x_pixel,y_pixel,frequency_kHz,amplitude,frequency_uncertainty_kHz,amplitude_uncertainty,source_type
P06,Figure 2,a,1.9,72,58.0,0.0,0.41353383458646614,0.34965034965034963,0.0037593984962406013,digitized_from_published_figure
P06,Figure 2,a,1.9,74,60.0,0.6993006993006993,0.40601503759398494,0.34965034965034963,0.0037593984962406013,digitized_from_published_figure
P06,Figure 2,a,1.9,76,52.0,1.3986013986013985,0.43609022556390975,0.34965034965034963,0.0037593984962406013,digitized_from_published_figure
P06,Figure 2,a,1.9,78,44.0,2.097902097902098,0.46616541353383456,0.34965034965034963,0.0037593984962406013,digitized_from_published_figure
P06,Figure 2,a,1.9,80,61.0,2.797202797202797,0.40225563909774437,0.34965034965034963,0.0037593984962406013,digitized_from_published_figure
P06,Figure 2,a,1.9,82,40.0,3.4965034965034967,0.48120300751879697,0.34965034965034963,0.0037593984962406013,digitized_from_published_figure
P06,Figure 2,a,1.9,84,64.0,4.195804195804196,0.39097744360902253,0.34965034965034963,0.0037593984962406013,digitized_from_published_figure
P06,Figure 2,a,1.9,86,88.0,4.895104895104895,0.3007518796992481,0.34965034965034963,0.0037593984962406013,digitized_from_published_figure
P06,Figure 2,a,1.9,88,82.0,5.594405594405594,0.3233082706766917,0.34965034965034963,0.0037593984962406013,digitized_from_published_figure
P06,Figure 2,a,1.9,90,110.0,6.293706293706294,0.21804511278195488,0.34965034965034963,0.0037593984962406013,digitized_from_published_figure
P06,Figure 2,a,1.9,92,121.0,6.993006993006993,0.17669172932330826,0.34965034965034963,0.0037593984962406013,digitized_from_published_figure
P06,Figure 2,a,1.9,94,114.0,7.6923076923076925,0.20300751879699247,0.34965034965034963,0.0037593984962406013,digitized_from_published_figure
P06,Figure 2,a,1.9,96,96.0,8.391608391608392,0.2706766917293233,0.34965034965034963,0.0037593984962406013,digitized_from_published_figure
P06,Figure 2,a,1.9,98,119.0,9.090909090909092,0.18421052631578946,0.34965034965034963,0.0037593984962406013,digitized_from_published_figure
P06,Figure 2,a,1.9,100,118.0,9.79020979020979,0.18796992481203006,0.34965034965034963,0.0037593984962406013,digitized_from_published_figure
P06,Figure 2,a,1.9,102,128.0,10.48951048951049,0.15037593984962405,0.34965034965034963,0.0037593984962406013,digitized_from_published_figure
P06,Figure 2,a,1.9,104,119.0,11.188811188811188,0.18421052631578946,0.34965034965034963,0.0037593984962406013,digitized_from_published_figure
P06,Figure 2,a,1.9,106,122.0,11.888111888111888,0.17293233082706766,0.34965034965034963,0.0037593984962406013,digitized_from_published_figure
P06,Figure 2,a,1.9,108,144.0,12.587412587412588,0.09022556390977443,0.34965034965034963,0.0037593984962406013,digitized_from_published_figure
P06,Figure 2,a,1.9,110,45.0,13.286713286713287,0.462406015037594,0.34965034965034963,0.0037593984962406013,digitized_from_published_figure
P06,Figure 2,a,1.9,112,45.0,13.986013986013987,0.462406015037594,0.34965034965034963,0.0037593984962406013,digitized_from_published_figure
P06,Figure 2,a,1.9,114,45.0,14.685314685314685,0.462406015037594,0.34965034965034963,0.0037593984962406013,digitized_from_published_figure
P06,Figure 2,a,1.9,116,45.0,15.384615384615385,0.462406015037594,0.34965034965034963,0.0037593984962406013,digitized_from_published_figure
P06,Figure 2,a,1.9,118,45.0,16.083916083916083,0.462406015037594,0.34965034965034963,0.0037593984962406013,digitized_from_published_figure
P06,Figure 2,a,1.9,120,45.0,16.783216783216783,0.462406015037594,0.34965034965034963,0.0037593984962406013,digitized_from_published_figure
P06,Figure 2,a,1.9,122,45.0,17.482517482517483,0.462406015037594,0.34965034965034963,0.0037593984962406013,digitized_from_published_figure
P06,Figure 2,a,1.9,124,45.0,18.181818181818183,0.462406015037594,0.34965034965034963,0.0037593984962406013,digitized_from_published_figure
P06,Figure 2,a,1.9,126,45.0,18.88111888111888,0.462406015037594,0.34965034965034963,0.0037593984962406013,digitized_from_published_figure
P06,Figure 2,a,1.9,128,143.0,19.58041958041958,0.09398496240601503,0.34965034965034963,0.0037593984962406013,digitized_from_published_figure
P06,Figure 2,a,1.9,130,136.0,20.27972027972028,0.12030075187969924,0.34965034965034963,0.0037593984962406013,digitized_from_published_figure
P06,Figure 2,a,1.9,132,140.0,20.97902097902098,0.10526315789473684,0.34965034965034963,0.0037593984962406013,digitized_from_published_figure
P06,Figure 2,a,1.9,134,138.0,21.678321678321677,0.11278195488721804,0.34965034965034963,0.0037593984962406013,digitized_from_published_figure
P06,Figure 2,a,1.9,136,143.0,22.377622377622377,0.09398496240601503,0.34965034965034963,0.0037593984962406013,digitized_from_published_figure
P06,Figure 2,a,1.9,138,141.0,23.076923076923077,0.10150375939849623,0.34965034965034963,0.0037593984962406013,digitized_from_published_figure
P06,Figure 2,a,1.9,140,145.0,23.776223776223777,0.08646616541353383,0.34965034965034963,0.0037593984962406013,digitized_from_published_figure
P06,Figure 2,a,1.9,142,145.0,24.475524475524477,0.08646616541353383,0.34965034965034963,0.0037593984962406013,digitized_from_published_figure
P06,Figure 2,a,1.9,144,148.0,25.174825174825177,0.07518796992481203,0.34965034965034963,0.0037593984962406013,digitized_from_published_figure
P06,Figure 2,a,1.9,146,145.0,25.874125874125873,0.08646616541353383,0.34965034965034963,0.0037593984962406013,digitized_from_published_figure
P06,Figure 2,a,1.9,148,140.0,26.573426573426573,0.10526315789473684,0.34965034965034963,0.0037593984962406013,digitized_from_published_figure
P06,Figure 2,a,1.9,150,145.0,27.27272727272727,0.08646616541353383,0.34965034965034963,0.0037593984962406013,digitized_from_published_figure
P06,Figure 2,a,1.9,152,149.0,27.972027972027973,0.07142857142857142,0.34965034965034963,0.0037593984962406013,digitized_from_published_figure
P06,Figure 2,a,1.9,154,147.0,28.671328671328673,0.07894736842105263,0.34965034965034963,0.0037593984962406013,digitized_from_published_figure
P06,Figure 2,a,1.9,156,137.0,29.37062937062937,0.11654135338345864,0.34965034965034963,0.0037593984962406013,digitized_from_published_figure
P06,Figure 2,a,1.9,158,140.0,30.069930069930066,0.10526315789473684,0.34965034965034963,0.0037593984962406013,digitized_from_published_figure
P06,Figure 2,a,1.9,160,148.0,30.76923076923077,0.07518796992481203,0.34965034965034963,0.0037593984962406013,digitized_from_published_figure
P06,Figure 2,a,1.9,162,139.0,31.46853146853147,0.10902255639097744,0.34965034965034963,0.0037593984962406013,digitized_from_published_figure
P06,Figure 2,a,1.9,164,126.0,32.16783216783217,0.15789473684210525,0.34965034965034963,0.0037593984962406013,digitized_from_published_figure
P06,Figure 2,a,1.9,166,141.0,32.86713286713287,0.10150375939849623,0.34965034965034963,0.0037593984962406013,digitized_from_published_figure
P06,Figure 2,a,1.9,168,134.0,33.56643356643357,0.12781954887218044,0.34965034965034963,0.0037593984962406013,digitized_from_published_figure
P06,Figure 2,a,1.9,170,138.0,34.26573426573427,0.11278195488721804,0.34965034965034963,0.0037593984962406013,digitized_from_published_figure
P06,Figure 2,a,1.9,172,143.0,34.96503496503497,0.09398496240601503,0.34965034965034963,0.0037593984962406013,digitized_from_published_figure
P06,Figure 2,a,1.9,174,145.0,35.66433566433567,0.08646616541353383,0.34965034965034963,0.0037593984962406013,digitized_from_published_figure
P06,Figure 2,a,1.9,176,139.0,36.36363636363637,0.10902255639097744,0.34965034965034963,0.0037593984962406013,digitized_from_published_figure
P06,Figure 2,a,1.9,178,139.0,37.06293706293706,0.10902255639097744,0.34965034965034963,0.0037593984962406013,digitized_from_published_figure
P06,Figure 2,a,1.9,180,136.0,37.76223776223776,0.12030075187969924,0.34965034965034963,0.0037593984962406013,digitized_from_published_figure
P06,Figure 2,a,1.9,182,116.0,38.46153846153847,0.19548872180451127,0.34965034965034963,0.0037593984962406013,digitized_from_published_figure
P06,Figure 2,a,1.9,184,125.0,39.16083916083916,0.16165413533834586,0.34965034965034963,0.0037593984962406013,digitized_from_published_figure
P06,Figure 2,a,1.9,186,131.0,39.86013986013986,0.13909774436090225,0.34965034965034963,0.0037593984962406013,digitized_from_published_figure
P06,Figure 2,a,1.9,188,135.0,40.55944055944056,0.12406015037593984,0.34965034965034963,0.0037593984962406013,digitized_from_published_figure
P06,Figure 2,a,1.9,190,123.0,41.25874125874126,0.16917293233082706,0.34965034965034963,0.0037593984962406013,digitized_from_published_figure
P06,Figure 2,a,1.9,192,127.0,41.95804195804196,0.15413533834586465,0.34965034965034963,0.0037593984962406013,digitized_from_published_figure
P06,Figure 2,a,1.9,194,102.0,42.65734265734265,0.24812030075187969,0.34965034965034963,0.0037593984962406013,digitized_from_published_figure
P06,Figure 2,a,1.9,196,118.0,43.35664335664335,0.18796992481203006,0.34965034965034963,0.0037593984962406013,digitized_from_published_figure
P06,Figure 2,a,1.9,198,125.0,44.05594405594406,0.16165413533834586,0.34965034965034963,0.0037593984962406013,digitized_from_published_figure
P06,Figure 2,a,1.9,200,121.0,44.75524475524475,0.17669172932330826,0.34965034965034963,0.0037593984962406013,digitized_from_published_figure
P06,Figure 2,a,1.9,202,120.0,45.45454545454545,0.18045112781954886,0.34965034965034963,0.0037593984962406013,digitized_from_published_figure
P06,Figure 2,a,1.9,204,124.0,46.15384615384615,0.16541353383458646,0.34965034965034963,0.0037593984962406013,digitized_from_published_figure
P06,Figure 2,a,1.9,206,127.0,46.85314685314685,0.15413533834586465,0.34965034965034963,0.0037593984962406013,digitized_from_published_figure
P06,Figure 2,a,1.9,208,100.0,47.55244755244755,0.2556390977443609,0.34965034965034963,0.0037593984962406013,digitized_from_published_figure
P06,Figure 2,a,1.9,210,122.0,48.25174825174825,0.17293233082706766,0.34965034965034963,0.0037593984962406013,digitized_from_published_figure
P06,Figure 2,a,1.9,212,137.0,48.95104895104895,0.11654135338345864,0.34965034965034963,0.0037593984962406013,digitized_from_published_figure
P06,Figure 2,a,1.9,214,132.0,49.65034965034965,0.13533834586466165,0.34965034965034963,0.0037593984962406013,digitized_from_published_figure
P06,Figure 2,a,1.9,216,134.0,50.349650349650354,0.12781954887218044,0.34965034965034963,0.0037593984962406013,digitized_from_published_figure
P06,Figure 2,a,1.9,218,134.0,51.048951048951054,0.12781954887218044,0.34965034965034963,0.0037593984962406013,digitized_from_published_figure
P06,Figure 2,a,1.9,220,136.0,51.74825174825175,0.12030075187969924,0.34965034965034963,0.0037593984962406013,digitized_from_published_figure
P06,Figure 2,a,1.9,222,133.0,52.44755244755245,0.13157894736842105,0.34965034965034963,0.0037593984962406013,digitized_from_published_figure
P06,Figure 2,a,1.9,224,137.0,53.14685314685315,0.11654135338345864,0.34965034965034963,0.0037593984962406013,digitized_from_published_figure
P06,Figure 2,a,1.9,226,147.0,53.84615384615385,0.07894736842105263,0.34965034965034963,0.0037593984962406013,digitized_from_published_figure
P06,Figure 2,a,1.9,228,145.0,54.54545454545454,0.08646616541353383,0.34965034965034963,0.0037593984962406013,digitized_from_published_figure
P06,Figure 2,a,1.9,230,147.0,55.24475524475524,0.07894736842105263,0.34965034965034963,0.0037593984962406013,digitized_from_published_figure
P06,Figure 2,a,1.9,232,157.0,55.94405594405595,0.041353383458646614,0.34965034965034963,0.0037593984962406013,digitized_from_published_figure
P06,Figure 2,a,1.9,234,157.0,56.64335664335665,0.041353383458646614,0.34965034965034963,0.0037593984962406013,digitized_from_published_figure
P06,Figure 2,a,1.9,236,150.0,57.34265734265735,0.06766917293233082,0.34965034965034963,0.0037593984962406013,digitized_from_published_figure
P06,Figure 2,a,1.9,238,152.0,58.04195804195804,0.06015037593984962,0.34965034965034963,0.0037593984962406013,digitized_from_published_figure
P06,Figure 2,a,1.9,240,155.0,58.74125874125874,0.04887218045112782,0.34965034965034963,0.0037593984962406013,digitized_from_published_figure
P06,Figure 2,a,1.9,242,157.0,59.44055944055944,0.041353383458646614,0.34965034965034963,0.0037593984962406013,digitized_from_published_figure
P06,Figure 2,a,1.9,244,157.0,60.13986013986013,0.041353383458646614,0.34965034965034963,0.0037593984962406013,digitized_from_published_figure
P06,Figure 2,a,1.9,246,160.0,60.83916083916085,0.03007518796992481,0.34965034965034963,0.0037593984962406013,digitized_from_published_figure
P06,Figure 2,a,1.9,248,160.0,61.53846153846154,0.03007518796992481,0.34965034965034963,0.0037593984962406013,digitized_from_published_figure
P06,Figure 2,a,1.9,250,159.0,62.23776223776224,0.03383458646616541,0.34965034965034963,0.0037593984962406013,digitized_from_published_figure
P06,Figure 2,a,1.9,252,160.0,62.93706293706294,0.03007518796992481,0.34965034965034963,0.0037593984962406013,digitized_from_published_figure
P06,Figure 2,a,1.9,254,159.0,63.63636363636363,0.03383458646616541,0.34965034965034963,0.0037593984962406013,digitized_from_published_figure
P06,Figure 2,a,1.9,256,159.0,64.33566433566433,0.03383458646616541,0.34965034965034963,0.0037593984962406013,digitized_from_published_figure
P06,Figure 2,a,1.9,258,159.0,65.03496503496503,0.03383458646616541,0.34965034965034963,0.0037593984962406013,digitized_from_published_figure
P06,Figure 2,a,1.9,260,163.0,65.73426573426573,0.018796992481203006,0.34965034965034963,0.0037593984962406013,digitized_from_published_figure
P06,Figure 2,a,1.9,262,163.0,66.43356643356644,0.018796992481203006,0.34965034965034963,0.0037593984962406013,digitized_from_published_figure
P06,Figure 2,a,1.9,264,162.0,67.13286713286713,0.022556390977443608,0.34965034965034963,0.0037593984962406013,digitized_from_published_figure
P06,Figure 2,a,1.9,266,159.0,67.83216783216784,0.03383458646616541,0.34965034965034963,0.0037593984962406013,digitized_from_published_figure
P06,Figure 2,a,1.9,268,162.0,68.53146853146853,0.022556390977443608,0.34965034965034963,0.0037593984962406013,digitized_from_published_figure
P06,Figure 2,a,1.9,270,161.0,69.23076923076923,0.02631578947368421,0.34965034965034963,0.0037593984962406013,digitized_from_published_figure
P06,Figure 2,a,1.9,272,157.0,69.93006993006993,0.041353383458646614,0.34965034965034963,0.0037593984962406013,digitized_from_published_figure
P06,Figure 2,a,1.9,274,161.0,70.62937062937063,0.02631578947368421,0.34965034965034963,0.0037593984962406013,digitized_from_published_figure
P06,Figure 2,a,1.9,276,159.0,71.32867132867133,0.03383458646616541,0.34965034965034963,0.0037593984962406013,digitized_from_published_figure
P06,Figure 2,a,1.9,278,160.0,72.02797202797203,0.03007518796992481,0.34965034965034963,0.0037593984962406013,digitized_from_published_figure
P06,Figure 2,a,1.9,280,158.0,72.72727272727273,0.03759398496240601,0.34965034965034963,0.0037593984962406013,digitized_from_published_figure
P06,Figure 2,a,1.9,282,162.0,73.42657342657343,0.022556390977443608,0.34965034965034963,0.0037593984962406013,digitized_from_published_figure
P06,Figure 2,a,1.9,284,163.0,74.12587412587412,0.018796992481203006,0.34965034965034963,0.0037593984962406013,digitized_from_published_figure
P06,Figure 2,a,1.9,286,163.0,74.82517482517483,0.018796992481203006,0.34965034965034963,0.0037593984962406013,digitized_from_published_figure
P06,Figure 2,a,1.9,288,163.0,75.52447552447552,0.018796992481203006,0.34965034965034963,0.0037593984962406013,digitized_from_published_figure
P06,Figure 2,a,1.9,290,163.0,76.22377622377621,0.018796992481203006,0.34965034965034963,0.0037593984962406013,digitized_from_published_figure
P06,Figure 2,a,1.9,292,163.0,76.92307692307693,0.018796992481203006,0.34965034965034963,0.0037593984962406013,digitized_from_published_figure
P06,Figure 2,a,1.9,294,163.0,77.62237762237763,0.018796992481203006,0.34965034965034963,0.0037593984962406013,digitized_from_published_figure
P06,Figure 2,a,1.9,296,163.0,78.32167832167832,0.018796992481203006,0.34965034965034963,0.0037593984962406013,digitized_from_published_figure
P06,Figure 2,a,1.9,298,163.0,79.02097902097903,0.018796992481203006,0.34965034965034963,0.0037593984962406013,digitized_from_published_figure
P06,Figure 2,a,1.9,300,163.0,79.72027972027972,0.018796992481203006,0.34965034965034963,0.0037593984962406013,digitized_from_published_figure
P06,Figure 2,a,1.9,302,163.0,80.41958041958041,0.018796992481203006,0.34965034965034963,0.0037593984962406013,digitized_from_published_figure
P06,Figure 2,a,1.9,304,163.0,81.11888111888112,0.018796992481203006,0.34965034965034963,0.0037593984962406013,digitized_from_published_figure
P06,Figure 2,a,1.9,306,163.0,81.81818181818183,0.018796992481203006,0.34965034965034963,0.0037593984962406013,digitized_from_published_figure
P06,Figure 2,a,1.9,308,163.0,82.51748251748252,0.018796992481203006,0.34965034965034963,0.0037593984962406013,digitized_from_published_figure
P06,Figure 2,a,1.9,310,163.0,83.21678321678321,0.018796992481203006,0.34965034965034963,0.0037593984962406013,digitized_from_published_figure
P06,Figure 2,a,1.9,312,163.0,83.91608391608392,0.018796992481203006,0.34965034965034963,0.0037593984962406013,digitized_from_published_figure
P06,Figure 2,a,1.9,314,163.0,84.61538461538461,0.018796992481203006,0.34965034965034963,0.0037593984962406013,digitized_from_published_figure
P06,Figure 2,a,1.9,316,163.0,85.3146853146853,0.018796992481203006,0.34965034965034963,0.0037593984962406013,digitized_from_published_figure
P06,Figure 2,a,1.9,318,163.0,86.01398601398601,0.018796992481203006,0.34965034965034963,0.0037593984962406013,digitized_from_published_figure
P06,Figure 2,a,1.9,320,157.76923076923077,86.7132867132867,0.03846153846153844,0.34965034965034963,0.0037593984962406013,digitized_from_published_figure
P06,Figure 2,a,1.9,322,152.53846153846155,87.41258741258741,0.05812608444187388,0.34965034965034963,0.0037593984962406013,digitized_from_published_figure
P06,Figure 2,a,1.9,324,147.30769230769232,88.11188811188812,0.07779063042220932,0.34965034965034963,0.0037593984962406013,digitized_from_published_figure
P06,Figure 2,a,1.9,326,142.07692307692307,88.81118881118881,0.09745517640254486,0.34965034965034963,0.0037593984962406013,digitized_from_published_figure
P06,Figure 2,a,1.9,328,136.84615384615384,89.5104895104895,0.1171197223828803,0.34965034965034963,0.0037593984962406013,digitized_from_published_figure
P06,Figure 2,a,1.9,330,131.6153846153846,90.20979020979021,0.13678426836321575,0.34965034965034963,0.0037593984962406013,digitized_from_published_figure
P06,Figure 2,a,1.9,332,126.38461538461539,90.9090909090909,0.15644881434355118,0.34965034965034963,0.0037593984962406013,digitized_from_published_figure
P06,Figure 2,a,1.9,334,121.15384615384616,91.6083916083916,0.1761133603238866,0.34965034965034963,0.0037593984962406013,digitized_from_published_figure
P06,Figure 2,a,1.9,336,115.92307692307692,92.3076923076923,0.1957779063042221,0.34965034965034963,0.0037593984962406013,digitized_from_published_figure
P06,Figure 2,a,1.9,338,110.6923076923077,93.00699300699301,0.21544245228455755,0.34965034965034963,0.0037593984962406013,digitized_from_published_figure
P06,Figure 2,a,1.9,340,105.46153846153845,93.7062937062937,0.23510699826489304,0.34965034965034963,0.0037593984962406013,digitized_from_published_figure
P06,Figure 2,a,1.9,342,100.23076923076923,94.4055944055944,0.25477154424522847,0.34965034965034963,0.0037593984962406013,digitized_from_published_figure
P06,Figure 2,a,1.9,344,95.0,95.1048951048951,0.2744360902255639,0.34965034965034963,0.0037593984962406013,digitized_from_published_figure
P06,Figure 2,a,1.9,346,89.76923076923077,95.8041958041958,0.2941006362058993,0.34965034965034963,0.0037593984962406013,digitized_from_published_figure
P06,Figure 2,a,1.9,348,84.53846153846153,96.5034965034965,0.31376518218623484,0.34965034965034963,0.0037593984962406013,digitized_from_published_figure
P06,Figure 2,a,1.9,350,79.3076923076923,97.2027972027972,0.3334297281665703,0.34965034965034963,0.0037593984962406013,digitized_from_published_figure
P06,Figure 2,a,1.9,352,74.07692307692308,97.9020979020979,0.3530942741469057,0.34965034965034963,0.0037593984962406013,digitized_from_published_figure
P06,Figure 2,a,1.9,354,68.84615384615384,98.6013986013986,0.3727588201272412,0.34965034965034963,0.0037593984962406013,digitized_from_published_figure
P06,Figure 2,a,1.9,356,63.61538461538461,99.3006993006993,0.39242336610757667,0.34965034965034963,0.0037593984962406013,digitized_from_published_figure
P06,Figure 2,a,1.9,358,61.0,100.0,0.40225563909774437,0.34965034965034963,0.0037593984962406013,digitized_from_published_figure
P06,Figure 2,b,2.5,31,75.0,0.0,0.34701492537313433,0.3663003663003663,0.0037313432835820895,digitized_from_published_figure
P06,Figure 2,b,2.5,33,94.0,0.7326007326007326,0.27611940298507465,0.3663003663003663,0.0037313432835820895,digitized_from_published_figure
P06,Figure 2,b,2.5,35,112.0,1.465201465201465,0.208955223880597,0.3663003663003663,0.0037313432835820895,digitized_from_published_figure
P06,Figure 2,b,2.5,37,121.0,2.197802197802198,0.17537313432835822,0.3663003663003663,0.0037313432835820895,digitized_from_published_figure
P06,Figure 2,b,2.5,39,119.0,2.93040293040293,0.1828358208955224,0.3663003663003663,0.0037313432835820895,digitized_from_published_figure
P06,Figure 2,b,2.5,41,125.0,3.6630036630036633,0.16044776119402984,0.3663003663003663,0.0037313432835820895,digitized_from_published_figure
P06,Figure 2,b,2.5,43,118.0,4.395604395604396,0.1865671641791045,0.3663003663003663,0.0037313432835820895,digitized_from_published_figure
P06,Figure 2,b,2.5,45,129.0,5.128205128205128,0.1455223880597015,0.3663003663003663,0.0037313432835820895,digitized_from_published_figure
P06,Figure 2,b,2.5,47,128.0,5.86080586080586,0.14925373134328357,0.3663003663003663,0.0037313432835820895,digitized_from_published_figure
P06,Figure 2,b,2.5,49,127.0,6.593406593406594,0.15298507462686567,0.3663003663003663,0.0037313432835820895,digitized_from_published_figure
P06,Figure 2,b,2.5,51,132.0,7.326007326007327,0.13432835820895522,0.3663003663003663,0.0037313432835820895,digitized_from_published_figure
P06,Figure 2,b,2.5,53,141.0,8.058608058608058,0.10074626865671642,0.3663003663003663,0.0037313432835820895,digitized_from_published_figure
P06,Figure 2,b,2.5,55,43.0,8.791208791208792,0.4664179104477612,0.3663003663003663,0.0037313432835820895,digitized_from_published_figure
P06,Figure 2,b,2.5,57,43.0,9.523809523809524,0.4664179104477612,0.3663003663003663,0.0037313432835820895,digitized_from_published_figure
P06,Figure 2,b,2.5,59,43.0,10.256410256410255,0.4664179104477612,0.3663003663003663,0.0037313432835820895,digitized_from_published_figure
P06,Figure 2,b,2.5,61,43.0,10.989010989010989,0.4664179104477612,0.3663003663003663,0.0037313432835820895,digitized_from_published_figure
P06,Figure 2,b,2.5,63,43.0,11.72161172161172,0.4664179104477612,0.3663003663003663,0.0037313432835820895,digitized_from_published_figure
P06,Figure 2,b,2.5,65,43.0,12.454212454212454,0.4664179104477612,0.3663003663003663,0.0037313432835820895,digitized_from_published_figure
P06,Figure 2,b,2.5,67,43.0,13.186813186813188,0.4664179104477612,0.3663003663003663,0.0037313432835820895,digitized_from_published_figure
P06,Figure 2,b,2.5,69,43.0,13.91941391941392,0.4664179104477612,0.3663003663003663,0.0037313432835820895,digitized_from_published_figure
P06,Figure 2,b,2.5,71,43.0,14.652014652014653,0.4664179104477612,0.3663003663003663,0.0037313432835820895,digitized_from_published_figure
P06,Figure 2,b,2.5,73,145.0,15.384615384615385,0.08582089552238806,0.3663003663003663,0.0037313432835820895,digitized_from_published_figure
P06,Figure 2,b,2.5,75,148.0,16.117216117216117,0.07462686567164178,0.3663003663003663,0.0037313432835820895,digitized_from_published_figure
P06,Figure 2,b,2.5,77,140.0,16.84981684981685,0.1044776119402985,0.3663003663003663,0.0037313432835820895,digitized_from_published_figure
P06,Figure 2,b,2.5,79,150.0,17.582417582417584,0.06716417910447761,0.3663003663003663,0.0037313432835820895,digitized_from_published_figure
P06,Figure 2,b,2.5,81,150.0,18.315018315018314,0.06716417910447761,0.3663003663003663,0.0037313432835820895,digitized_from_published_figure
P06,Figure 2,b,2.5,83,152.0,19.047619047619047,0.05970149253731343,0.3663003663003663,0.0037313432835820895,digitized_from_published_figure
P06,Figure 2,b,2.5,85,147.0,19.78021978021978,0.07835820895522388,0.3663003663003663,0.0037313432835820895,digitized_from_published_figure
P06,Figure 2,b,2.5,87,144.0,20.51282051282051,0.08955223880597014,0.3663003663003663,0.0037313432835820895,digitized_from_published_figure
P06,Figure 2,b,2.5,89,146.0,21.245421245421245,0.08208955223880597,0.3663003663003663,0.0037313432835820895,digitized_from_published_figure
P06,Figure 2,b,2.5,91,150.0,21.978021978021978,0.06716417910447761,0.3663003663003663,0.0037313432835820895,digitized_from_published_figure
P06,Figure 2,b,2.5,93,147.0,22.71062271062271,0.07835820895522388,0.3663003663003663,0.0037313432835820895,digitized_from_published_figure
P06,Figure 2,b,2.5,95,149.0,23.44322344322344,0.0708955223880597,0.3663003663003663,0.0037313432835820895,digitized_from_published_figure
P06,Figure 2,b,2.5,97,150.0,24.175824175824175,0.06716417910447761,0.3663003663003663,0.0037313432835820895,digitized_from_published_figure
P06,Figure 2,b,2.5,99,147.0,24.90842490842491,0.07835820895522388,0.3663003663003663,0.0037313432835820895,digitized_from_published_figure
P06,Figure 2,b,2.5,101,146.0,25.64102564102564,0.08208955223880597,0.3663003663003663,0.0037313432835820895,digitized_from_published_figure
P06,Figure 2,b,2.5,103,150.0,26.373626373626376,0.06716417910447761,0.3663003663003663,0.0037313432835820895,digitized_from_published_figure
P06,Figure 2,b,2.5,105,150.0,27.106227106227106,0.06716417910447761,0.3663003663003663,0.0037313432835820895,digitized_from_published_figure
P06,Figure 2,b,2.5,107,149.0,27.83882783882784,0.0708955223880597,0.3663003663003663,0.0037313432835820895,digitized_from_published_figure
P06,Figure 2,b,2.5,109,146.0,28.57142857142857,0.08208955223880597,0.3663003663003663,0.0037313432835820895,digitized_from_published_figure
P06,Figure 2,b,2.5,111,149.0,29.304029304029307,0.0708955223880597,0.3663003663003663,0.0037313432835820895,digitized_from_published_figure
P06,Figure 2,b,2.5,113,149.0,30.036630036630036,0.0708955223880597,0.3663003663003663,0.0037313432835820895,digitized_from_published_figure
P06,Figure 2,b,2.5,115,148.0,30.76923076923077,0.07462686567164178,0.3663003663003663,0.0037313432835820895,digitized_from_published_figure
P06,Figure 2,b,2.5,117,145.0,31.5018315018315,0.08582089552238806,0.3663003663003663,0.0037313432835820895,digitized_from_published_figure
P06,Figure 2,b,2.5,119,143.0,32.234432234432234,0.09328358208955224,0.3663003663003663,0.0037313432835820895,digitized_from_published_figure
P06,Figure 2,b,2.5,121,145.0,32.967032967032964,0.08582089552238806,0.3663003663003663,0.0037313432835820895,digitized_from_published_figure
P06,Figure 2,b,2.5,123,141.0,33.6996336996337,0.10074626865671642,0.3663003663003663,0.0037313432835820895,digitized_from_published_figure
P06,Figure 2,b,2.5,125,145.0,34.43223443223443,0.08582089552238806,0.3663003663003663,0.0037313432835820895,digitized_from_published_figure
P06,Figure 2,b,2.5,127,140.0,35.16483516483517,0.1044776119402985,0.3663003663003663,0.0037313432835820895,digitized_from_published_figure
P06,Figure 2,b,2.5,129,137.0,35.8974358974359,0.11567164179104478,0.3663003663003663,0.0037313432835820895,digitized_from_published_figure
P06,Figure 2,b,2.5,131,135.0,36.63003663003663,0.12313432835820895,0.3663003663003663,0.0037313432835820895,digitized_from_published_figure
P06,Figure 2,b,2.5,133,140.0,37.362637362637365,0.1044776119402985,0.3663003663003663,0.0037313432835820895,digitized_from_published_figure
P06,Figure 2,b,2.5,135,134.0,38.095238095238095,0.12686567164179105,0.3663003663003663,0.0037313432835820895,digitized_from_published_figure
P06,Figure 2,b,2.5,137,129.0,38.82783882783883,0.1455223880597015,0.3663003663003663,0.0037313432835820895,digitized_from_published_figure
P06,Figure 2,b,2.5,139,117.0,39.56043956043956,0.19029850746268656,0.3663003663003663,0.0037313432835820895,digitized_from_published_figure
P06,Figure 2,b,2.5,141,132.0,40.29304029304029,0.13432835820895522,0.3663003663003663,0.0037313432835820895,digitized_from_published_figure
P06,Figure 2,b,2.5,143,133.0,41.02564102564102,0.13059701492537312,0.3663003663003663,0.0037313432835820895,digitized_from_published_figure
P06,Figure 2,b,2.5,145,121.0,41.75824175824176,0.17537313432835822,0.3663003663003663,0.0037313432835820895,digitized_from_published_figure
P06,Figure 2,b,2.5,147,124.0,42.49084249084249,0.16417910447761194,0.3663003663003663,0.0037313432835820895,digitized_from_published_figure
P06,Figure 2,b,2.5,149,125.0,43.223443223443226,0.16044776119402984,0.3663003663003663,0.0037313432835820895,digitized_from_published_figure
P06,Figure 2,b,2.5,151,124.0,43.956043956043956,0.16417910447761194,0.3663003663003663,0.0037313432835820895,digitized_from_published_figure
P06,Figure 2,b,2.5,153,119.0,44.68864468864469,0.1828358208955224,0.3663003663003663,0.0037313432835820895,digitized_from_published_figure
P06,Figure 2,b,2.5,155,128.0,45.42124542124542,0.14925373134328357,0.3663003663003663,0.0037313432835820895,digitized_from_published_figure
P06,Figure 2,b,2.5,157,128.0,46.15384615384615,0.14925373134328357,0.3663003663003663,0.0037313432835820895,digitized_from_published_figure
P06,Figure 2,b,2.5,159,128.0,46.88644688644688,0.14925373134328357,0.3663003663003663,0.0037313432835820895,digitized_from_published_figure
P06,Figure 2,b,2.5,161,131.0,47.61904761904761,0.13805970149253732,0.3663003663003663,0.0037313432835820895,digitized_from_published_figure
P06,Figure 2,b,2.5,163,135.0,48.35164835164835,0.12313432835820895,0.3663003663003663,0.0037313432835820895,digitized_from_published_figure
P06,Figure 2,b,2.5,165,137.0,49.08424908424908,0.11567164179104478,0.3663003663003663,0.0037313432835820895,digitized_from_published_figure
P06,Figure 2,b,2.5,167,142.0,49.81684981684982,0.09701492537313433,0.3663003663003663,0.0037313432835820895,digitized_from_published_figure
P06,Figure 2,b,2.5,169,145.0,50.54945054945055,0.08582089552238806,0.3663003663003663,0.0037313432835820895,digitized_from_published_figure
P06,Figure 2,b,2.5,171,144.0,51.28205128205128,0.08955223880597014,0.3663003663003663,0.0037313432835820895,digitized_from_published_figure
P06,Figure 2,b,2.5,173,145.0,52.01465201465202,0.08582089552238806,0.3663003663003663,0.0037313432835820895,digitized_from_published_figure
P06,Figure 2,b,2.5,175,146.0,52.74725274725275,0.08208955223880597,0.3663003663003663,0.0037313432835820895,digitized_from_published_figure
P06,Figure 2,b,2.5,177,152.0,53.47985347985348,0.05970149253731343,0.3663003663003663,0.0037313432835820895,digitized_from_published_figure
P06,Figure 2,b,2.5,179,147.0,54.21245421245421,0.07835820895522388,0.3663003663003663,0.0037313432835820895,digitized_from_published_figure
P06,Figure 2,b,2.5,181,154.0,54.94505494505495,0.05223880597014925,0.3663003663003663,0.0037313432835820895,digitized_from_published_figure
P06,Figure 2,b,2.5,183,152.0,55.67765567765568,0.05970149253731343,0.3663003663003663,0.0037313432835820895,digitized_from_published_figure
P06,Figure 2,b,2.5,185,157.0,56.41025641025641,0.041044776119402986,0.3663003663003663,0.0037313432835820895,digitized_from_published_figure
P06,Figure 2,b,2.5,187,152.0,57.14285714285714,0.05970149253731343,0.3663003663003663,0.0037313432835820895,digitized_from_published_figure
P06,Figure 2,b,2.5,189,157.0,57.87545787545788,0.041044776119402986,0.3663003663003663,0.0037313432835820895,digitized_from_published_figure
P06,Figure 2,b,2.5,191,157.0,58.60805860805861,0.041044776119402986,0.3663003663003663,0.0037313432835820895,digitized_from_published_figure
P06,Figure 2,b,2.5,193,160.0,59.34065934065934,0.029850746268656716,0.3663003663003663,0.0037313432835820895,digitized_from_published_figure
P06,Figure 2,b,2.5,195,159.0,60.07326007326007,0.033582089552238806,0.3663003663003663,0.0037313432835820895,digitized_from_published_figure
P06,Figure 2,b,2.5,197,161.0,60.8058608058608,0.026119402985074626,0.3663003663003663,0.0037313432835820895,digitized_from_published_figure
P06,Figure 2,b,2.5,199,162.0,61.53846153846154,0.022388059701492536,0.3663003663003663,0.0037313432835820895,digitized_from_published_figure
P06,Figure 2,b,2.5,201,160.0,62.27106227106227,0.029850746268656716,0.3663003663003663,0.0037313432835820895,digitized_from_published_figure
P06,Figure 2,b,2.5,203,161.0,63.003663003663,0.026119402985074626,0.3663003663003663,0.0037313432835820895,digitized_from_published_figure
P06,Figure 2,b,2.5,205,162.0,63.73626373626373,0.022388059701492536,0.3663003663003663,0.0037313432835820895,digitized_from_published_figure
P06,Figure 2,b,2.5,207,162.0,64.46886446886447,0.022388059701492536,0.3663003663003663,0.0037313432835820895,digitized_from_published_figure
P06,Figure 2,b,2.5,209,160.0,65.2014652014652,0.029850746268656716,0.3663003663003663,0.0037313432835820895,digitized_from_published_figure
P06,Figure 2,b,2.5,211,163.0,65.93406593406593,0.018656716417910446,0.3663003663003663,0.0037313432835820895,digitized_from_published_figure
P06,Figure 2,b,2.5,213,163.0,66.66666666666666,0.018656716417910446,0.3663003663003663,0.0037313432835820895,digitized_from_published_figure
P06,Figure 2,b,2.5,215,163.0,67.3992673992674,0.018656716417910446,0.3663003663003663,0.0037313432835820895,digitized_from_published_figure
P06,Figure 2,b,2.5,217,163.0,68.13186813186813,0.018656716417910446,0.3663003663003663,0.0037313432835820895,digitized_from_published_figure
P06,Figure 2,b,2.5,219,162.8,68.86446886446886,0.019402985074626823,0.3663003663003663,0.0037313432835820895,digitized_from_published_figure
P06,Figure 2,b,2.5,221,162.4,69.59706959706959,0.02089552238805968,0.3663003663003663,0.0037313432835820895,digitized_from_published_figure
P06,Figure 2,b,2.5,223,162.0,70.32967032967034,0.022388059701492536,0.3663003663003663,0.0037313432835820895,digitized_from_published_figure
P06,Figure 2,b,2.5,225,162.11111111111111,71.06227106227107,0.021973466003316736,0.3663003663003663,0.0037313432835820895,digitized_from_published_figure
P06,Figure 2,b,2.5,227,162.22222222222223,71.7948717948718,0.021558872305140937,0.3663003663003663,0.0037313432835820895,digitized_from_published_figure
P06,Figure 2,b,2.5,229,162.33333333333334,72.52747252747253,0.02114427860696514,0.3663003663003663,0.0037313432835820895,digitized_from_published_figure
P06,Figure 2,b,2.5,231,162.44444444444446,73.26007326007326,0.02072968490878934,0.3663003663003663,0.0037313432835820895,digitized_from_published_figure
P06,Figure 2,b,2.5,233,162.55555555555554,73.992673992674,0.020315091210613645,0.3663003663003663,0.0037313432835820895,digitized_from_published_figure
P06,Figure 2,b,2.5,235,162.66666666666666,74.72527472527473,0.019900497512437845,0.3663003663003663,0.0037313432835820895,digitized_from_published_figure
P06,Figure 2,b,2.5,237,162.77777777777777,75.45787545787546,0.019485903814262046,0.3663003663003663,0.0037313432835820895,digitized_from_published_figure
P06,Figure 2,b,2.5,239,162.88888888888889,76.19047619047619,0.019071310116086246,0.3663003663003663,0.0037313432835820895,digitized_from_published_figure
P06,Figure 2,b,2.5,241,163.0,76.92307692307693,0.018656716417910446,0.3663003663003663,0.0037313432835820895,digitized_from_published_figure
P06,Figure 2,b,2.5,243,159.65573770491804,77.65567765567766,0.031135307071201348,0.3663003663003663,0.0037313432835820895,digitized_from_published_figure
P06,Figure 2,b,2.5,245,156.31147540983608,78.3882783882784,0.04361389772449225,0.3663003663003663,0.0037313432835820895,digitized_from_published_figure
P06,Figure 2,b,2.5,247,152.9672131147541,79.12087912087912,0.05609248837778325,0.3663003663003663,0.0037313432835820895,digitized_from_published_figure
P06,Figure 2,b,2.5,249,149.62295081967213,79.85347985347985,0.06857107903107415,0.3663003663003663,0.0037313432835820895,digitized_from_published_figure
P06,Figure 2,b,2.5,251,146.27868852459017,80.58608058608058,0.08104966968436506,0.3663003663003663,0.0037313432835820895,digitized_from_published_figure
P06,Figure 2,b,2.5,253,142.9344262295082,81.31868131868131,0.09352826033765595,0.3663003663003663,0.0037313432835820895,digitized_from_published_figure
P06,Figure 2,b,2.5,255,139.59016393442624,82.05128205128204,0.10600685099094685,0.3663003663003663,0.0037313432835820895,digitized_from_published_figure
P06,Figure 2,b,2.5,257,136.24590163934425,82.78388278388277,0.11848544164423785,0.3663003663003663,0.0037313432835820895,digitized_from_published_figure
P06,Figure 2,b,2.5,259,132.9016393442623,83.51648351648352,0.13096403229752876,0.3663003663003663,0.0037313432835820895,digitized_from_published_figure
P06,Figure 2,b,2.5,261,129.55737704918033,84.24908424908425,0.14344262295081966,0.3663003663003663,0.0037313432835820895,digitized_from_published_figure
P06,Figure 2,b,2.5,263,126.21311475409836,84.98168498168498,0.1559212136041106,0.3663003663003663,0.0037313432835820895,digitized_from_published_figure
P06,Figure 2,b,2.5,265,122.8688524590164,85.71428571428571,0.1683998042574015,0.3663003663003663,0.0037313432835820895,digitized_from_published_figure
P06,Figure 2,b,2.5,267,119.52459016393442,86.44688644688645,0.18087839491069246,0.3663003663003663,0.0037313432835820895,digitized_from_published_figure
P06,Figure 2,b,2.5,269,116.18032786885246,87.17948717948718,0.19335698556398337,0.3663003663003663,0.0037313432835820895,digitized_from_published_figure
P06,Figure 2,b,2.5,271,112.8360655737705,87.91208791208791,0.20583557621727427,0.3663003663003663,0.0037313432835820895,digitized_from_published_figure
P06,Figure 2,b,2.5,273,109.49180327868852,88.64468864468864,0.2183141668705652,0.3663003663003663,0.0037313432835820895,digitized_from_published_figure
P06,Figure 2,b,2.5,275,106.14754098360655,89.37728937728939,0.23079275752385617,0.3663003663003663,0.0037313432835820895,digitized_from_published_figure
P06,Figure 2,b,2.5,277,102.80327868852459,90.10989010989012,0.24327134817714707,0.3663003663003663,0.0037313432835820895,digitized_from_published_figure
P06,Figure 2,b,2.5,279,99.45901639344262,90.84249084249085,0.25574993883043795,0.3663003663003663,0.0037313432835820895,digitized_from_published_figure
P06,Figure 2,b,2.5,281,96.11475409836065,91.57509157509158,0.26822852948372894,0.3663003663003663,0.0037313432835820895,digitized_from_published_figure
P06,Figure 2,b,2.5,283,92.77049180327869,92.3076923076923,0.2807071201370198,0.3663003663003663,0.0037313432835820895,digitized_from_published_figure
P06,Figure 2,b,2.5,285,89.42622950819671,93.04029304029304,0.29318571079031075,0.3663003663003663,0.0037313432835820895,digitized_from_published_figure
P06,Figure 2,b,2.5,287,86.08196721311475,93.77289377289377,0.3056643014436017,0.3663003663003663,0.0037313432835820895,digitized_from_published_figure
P06,Figure 2,b,2.5,289,82.73770491803279,94.5054945054945,0.31814289209689256,0.3663003663003663,0.0037313432835820895,digitized_from_published_figure
P06,Figure 2,b,2.5,291,79.39344262295081,95.23809523809523,0.33062148275018355,0.3663003663003663,0.0037313432835820895,digitized_from_published_figure
P06,Figure 2,b,2.5,293,76.04918032786885,95.97069597069597,0.3431000734034744,0.3663003663003663,0.0037313432835820895,digitized_from_published_figure
P06,Figure 2,b,2.5,295,72.70491803278688,96.7032967032967,0.35557866405676536,0.3663003663003663,0.0037313432835820895,digitized_from_published_figure
P06,Figure 2,b,2.5,297,69.36065573770492,97.43589743589743,0.3680572547100563,0.3663003663003663,0.0037313432835820895,digitized_from_published_figure
P06,Figure 2,b,2.5,299,66.01639344262294,98.16849816849816,0.3805358453633472,0.3663003663003663,0.0037313432835820895,digitized_from_published_figure
P06,Figure 2,b,2.5,301,62.67213114754098,98.9010989010989,0.39301443601663816,0.3663003663003663,0.0037313432835820895,digitized_from_published_figure
P06,Figure 2,b,2.5,303,61.0,99.63369963369964,0.39925373134328357,0.3663003663003663,0.0037313432835820895,digitized_from_published_figure
P06,Figure 2,c,2.9,9,36.0,0.0,4.037037037037037,0.3546099290780142,0.037037037037037035,digitized_from_published_figure
P06,Figure 2,c,2.9,11,36.0,0.7092198581560284,4.037037037037037,0.3546099290780142,0.037037037037037035,digitized_from_published_figure
P06,Figure 2,c,2.9,13,15.0,1.4184397163120568,4.814814814814815,0.3546099290780142,0.037037037037037035,digitized_from_published_figure
P06,Figure 2,c,2.9,15,15.0,2.127659574468085,4.814814814814815,0.3546099290780142,0.037037037037037035,digitized_from_published_figure
P06,Figure 2,c,2.9,17,15.0,2.8368794326241136,4.814814814814815,0.3546099290780142,0.037037037037037035,digitized_from_published_figure
P06,Figure 2,c,2.9,19,15.0,3.546099290780142,4.814814814814815,0.3546099290780142,0.037037037037037035,digitized_from_published_figure
P06,Figure 2,c,2.9,21,22.0,4.25531914893617,4.555555555555555,0.3546099290780142,0.037037037037037035,digitized_from_published_figure
P06,Figure 2,c,2.9,23,15.0,4.964539007092199,4.814814814814815,0.3546099290780142,0.037037037037037035,digitized_from_published_figure
P06,Figure 2,c,2.9,25,44.0,5.673758865248227,3.7407407407407405,0.3546099290780142,0.037037037037037035,digitized_from_published_figure
P06,Figure 2,c,2.9,27,52.0,6.382978723404255,3.4444444444444446,0.3546099290780142,0.037037037037037035,digitized_from_published_figure
P06,Figure 2,c,2.9,29,80.0,7.092198581560284,2.4074074074074074,0.3546099290780142,0.037037037037037035,digitized_from_published_figure
P06,Figure 2,c,2.9,31,102.0,7.801418439716312,1.5925925925925926,0.3546099290780142,0.037037037037037035,digitized_from_published_figure
P06,Figure 2,c,2.9,33,72.0,8.51063829787234,2.7037037037037037,0.3546099290780142,0.037037037037037035,digitized_from_published_figure
P06,Figure 2,c,2.9,35,93.0,9.219858156028367,1.925925925925926,0.3546099290780142,0.037037037037037035,digitized_from_published_figure
P06,Figure 2,c,2.9,37,75.0,9.929078014184398,2.5925925925925926,0.3546099290780142,0.037037037037037035,digitized_from_published_figure
P06,Figure 2,c,2.9,39,81.0,10.638297872340425,2.3703703703703702,0.3546099290780142,0.037037037037037035,digitized_from_published_figure
P06,Figure 2,c,2.9,41,96.0,11.347517730496454,1.8148148148148149,0.3546099290780142,0.037037037037037035,digitized_from_published_figure
P06,Figure 2,c,2.9,43,17.0,12.056737588652481,4.7407407407407405,0.3546099290780142,0.037037037037037035,digitized_from_published_figure
P06,Figure 2,c,2.9,45,17.0,12.76595744680851,4.7407407407407405,0.3546099290780142,0.037037037037037035,digitized_from_published_figure
P06,Figure 2,c,2.9,47,17.0,13.47517730496454,4.7407407407407405,0.3546099290780142,0.037037037037037035,digitized_from_published_figure
P06,Figure 2,c,2.9,49,17.0,14.184397163120568,4.7407407407407405,0.3546099290780142,0.037037037037037035,digitized_from_published_figure
P06,Figure 2,c,2.9,51,17.0,14.893617021276595,4.7407407407407405,0.3546099290780142,0.037037037037037035,digitized_from_published_figure
P06,Figure 2,c,2.9,53,17.0,15.602836879432624,4.7407407407407405,0.3546099290780142,0.037037037037037035,digitized_from_published_figure
P06,Figure 2,c,2.9,55,17.0,16.312056737588655,4.7407407407407405,0.3546099290780142,0.037037037037037035,digitized_from_published_figure
P06,Figure 2,c,2.9,57,17.0,17.02127659574468,4.7407407407407405,0.3546099290780142,0.037037037037037035,digitized_from_published_figure
P06,Figure 2,c,2.9,59,17.0,17.73049645390071,4.7407407407407405,0.3546099290780142,0.037037037037037035,digitized_from_published_figure
P06,Figure 2,c,2.9,61,89.0,18.439716312056735,2.074074074074074,0.3546099290780142,0.037037037037037035,digitized_from_published_figure
P06,Figure 2,c,2.9,63,96.0,19.148936170212767,1.8148148148148149,0.3546099290780142,0.037037037037037035,digitized_from_published_figure
P06,Figure 2,c,2.9,65,98.0,19.858156028368796,1.7407407407407407,0.3546099290780142,0.037037037037037035,digitized_from_published_figure
P06,Figure 2,c,2.9,67,112.0,20.56737588652482,1.222222222222222,0.3546099290780142,0.037037037037037035,digitized_from_published_figure
P06,Figure 2,c,2.9,69,109.0,21.27659574468085,1.3333333333333333,0.3546099290780142,0.037037037037037035,digitized_from_published_figure
P06,Figure 2,c,2.9,71,114.0,21.98581560283688,1.1481481481481481,0.3546099290780142,0.037037037037037035,digitized_from_published_figure
P06,Figure 2,c,2.9,73,96.0,22.69503546099291,1.8148148148148149,0.3546099290780142,0.037037037037037035,digitized_from_published_figure
P06,Figure 2,c,2.9,75,115.0,23.404255319148938,1.1111111111111112,0.3546099290780142,0.037037037037037035,digitized_from_published_figure
P06,Figure 2,c,2.9,77,105.0,24.113475177304963,1.4814814814814814,0.3546099290780142,0.037037037037037035,digitized_from_published_figure
P06,Figure 2,c,2.9,79,102.0,24.822695035460992,1.5925925925925926,0.3546099290780142,0.037037037037037035,digitized_from_published_figure
P06,Figure 2,c,2.9,81,111.0,25.53191489361702,1.259259259259259,0.3546099290780142,0.037037037037037035,digitized_from_published_figure
P06,Figure 2,c,2.9,83,113.0,26.24113475177305,1.1851851851851851,0.3546099290780142,0.037037037037037035,digitized_from_published_figure
P06,Figure 2,c,2.9,85,102.0,26.95035460992908,1.5925925925925926,0.3546099290780142,0.037037037037037035,digitized_from_published_figure
P06,Figure 2,c,2.9,87,110.0,27.659574468085108,1.2962962962962963,0.3546099290780142,0.037037037037037035,digitized_from_published_figure
P06,Figure 2,c,2.9,89,108.0,28.368794326241137,1.3703703703703705,0.3546099290780142,0.037037037037037035,digitized_from_published_figure
P06,Figure 2,c,2.9,91,97.0,29.078014184397162,1.777777777777778,0.3546099290780142,0.037037037037037035,digitized_from_published_figure
P06,Figure 2,c,2.9,93,104.0,29.78723404255319,1.5185185185185186,0.3546099290780142,0.037037037037037035,digitized_from_published_figure
P06,Figure 2,c,2.9,95,90.0,30.49645390070922,2.0370370370370368,0.3546099290780142,0.037037037037037035,digitized_from_published_figure
P06,Figure 2,c,2.9,97,102.0,31.20567375886525,1.5925925925925926,0.3546099290780142,0.037037037037037035,digitized_from_published_figure
P06,Figure 2,c,2.9,99,98.0,31.914893617021278,1.7407407407407407,0.3546099290780142,0.037037037037037035,digitized_from_published_figure
P06,Figure 2,c,2.9,101,102.0,32.62411347517731,1.5925925925925926,0.3546099290780142,0.037037037037037035,digitized_from_published_figure
P06,Figure 2,c,2.9,103,100.0,33.33333333333333,1.6666666666666665,0.3546099290780142,0.037037037037037035,digitized_from_published_figure
P06,Figure 2,c,2.9,105,101.0,34.04255319148936,1.6296296296296298,0.3546099290780142,0.037037037037037035,digitized_from_published_figure
P06,Figure 2,c,2.9,107,105.0,34.751773049645394,1.4814814814814814,0.3546099290780142,0.037037037037037035,digitized_from_published_figure
P06,Figure 2,c,2.9,109,98.0,35.46099290780142,1.7407407407407407,0.3546099290780142,0.037037037037037035,digitized_from_published_figure
P06,Figure 2,c,2.9,111,103.0,36.17021276595745,1.5555555555555556,0.3546099290780142,0.037037037037037035,digitized_from_published_figure
P06,Figure 2,c,2.9,113,94.0,36.87943262411347,1.8888888888888888,0.3546099290780142,0.037037037037037035,digitized_from_published_figure
P06,Figure 2,c,2.9,115,87.0,37.5886524822695,2.1481481481481484,0.3546099290780142,0.037037037037037035,digitized_from_published_figure
P06,Figure 2,c,2.9,117,77.0,38.297872340425535,2.518518518518518,0.3546099290780142,0.037037037037037035,digitized_from_published_figure
P06,Figure 2,c,2.9,119,89.0,39.00709219858156,2.074074074074074,0.3546099290780142,0.037037037037037035,digitized_from_published_figure
P06,Figure 2,c,2.9,121,86.0,39.71631205673759,2.185185185185185,0.3546099290780142,0.037037037037037035,digitized_from_published_figure
P06,Figure 2,c,2.9,123,87.0,40.42553191489361,2.1481481481481484,0.3546099290780142,0.037037037037037035,digitized_from_published_figure
P06,Figure 2,c,2.9,125,73.0,41.13475177304964,2.6666666666666665,0.3546099290780142,0.037037037037037035,digitized_from_published_figure
P06,Figure 2,c,2.9,127,71.0,41.843971631205676,2.740740740740741,0.3546099290780142,0.037037037037037035,digitized_from_published_figure
P06,Figure 2,c,2.9,129,54.0,42.5531914893617,3.3703703703703702,0.3546099290780142,0.037037037037037035,digitized_from_published_figure
P06,Figure 2,c,2.9,131,78.0,43.262411347517734,2.4814814814814814,0.3546099290780142,0.037037037037037035,digitized_from_published_figure
P06,Figure 2,c,2.9,133,81.0,43.97163120567376,2.3703703703703702,0.3546099290780142,0.037037037037037035,digitized_from_published_figure
P06,Figure 2,c,2.9,135,54.0,44.680851063829785,3.3703703703703702,0.3546099290780142,0.037037037037037035,digitized_from_published_figure
P06,Figure 2,c,2.9,137,63.0,45.39007092198582,3.037037037037037,0.3546099290780142,0.037037037037037035,digitized_from_published_figure
P06,Figure 2,c,2.9,139,76.0,46.09929078014184,2.5555555555555554,0.3546099290780142,0.037037037037037035,digitized_from_published_figure
P06,Figure 2,c,2.9,141,60.0,46.808510638297875,3.1481481481481484,0.3546099290780142,0.037037037037037035,digitized_from_published_figure
P06,Figure 2,c,2.9,143,39.0,47.5177304964539,3.925925925925926,0.3546099290780142,0.037037037037037035,digitized_from_published_figure
P06,Figure 2,c,2.9,145,88.0,48.226950354609926,2.111111111111111,0.3546099290780142,0.037037037037037035,digitized_from_published_figure
P06,Figure 2,c,2.9,147,82.0,48.93617021276596,2.3333333333333335,0.3546099290780142,0.037037037037037035,digitized_from_published_figure
P06,Figure 2,c,2.9,149,82.0,49.645390070921984,2.3333333333333335,0.3546099290780142,0.037037037037037035,digitized_from_published_figure
P06,Figure 2,c,2.9,151,95.0,50.35460992907801,1.8518518518518516,0.3546099290780142,0.037037037037037035,digitized_from_published_figure
P06,Figure 2,c,2.9,153,89.0,51.06382978723404,2.074074074074074,0.3546099290780142,0.037037037037037035,digitized_from_published_figure
P06,Figure 2,c,2.9,155,102.0,51.77304964539007,1.5925925925925926,0.3546099290780142,0.037037037037037035,digitized_from_published_figure
P06,Figure 2,c,2.9,157,113.0,52.4822695035461,1.1851851851851851,0.3546099290780142,0.037037037037037035,digitized_from_published_figure
P06,Figure 2,c,2.9,159,100.0,53.191489361702125,1.6666666666666665,0.3546099290780142,0.037037037037037035,digitized_from_published_figure
P06,Figure 2,c,2.9,161,109.0,53.90070921985816,1.3333333333333333,0.3546099290780142,0.037037037037037035,digitized_from_published_figure
P06,Figure 2,c,2.9,163,120.0,54.60992907801418,0.9259259259259258,0.3546099290780142,0.037037037037037035,digitized_from_published_figure
P06,Figure 2,c,2.9,165,126.0,55.319148936170215,0.7037037037037037,0.3546099290780142,0.037037037037037035,digitized_from_published_figure
P06,Figure 2,c,2.9,167,119.0,56.02836879432624,0.962962962962963,0.3546099290780142,0.037037037037037035,digitized_from_published_figure
P06,Figure 2,c,2.9,169,127.0,56.73758865248227,0.6666666666666666,0.3546099290780142,0.037037037037037035,digitized_from_published_figure
P06,Figure 2,c,2.9,171,117.0,57.446808510638306,1.037037037037037,0.3546099290780142,0.037037037037037035,digitized_from_published_figure
P06,Figure 2,c,2.9,173,124.0,58.156028368794324,0.7777777777777778,0.3546099290780142,0.037037037037037035,digitized_from_published_figure
P06,Figure 2,c,2.9,175,125.0,58.86524822695035,0.7407407407407407,0.3546099290780142,0.037037037037037035,digitized_from_published_figure
P06,Figure 2,c,2.9,177,132.0,59.57446808510638,0.4814814814814815,0.3546099290780142,0.037037037037037035,digitized_from_published_figure
P06,Figure 2,c,2.9,179,129.0,60.28368794326241,0.5925925925925926,0.3546099290780142,0.037037037037037035,digitized_from_published_figure
P06,Figure 2,c,2.9,181,122.0,60.99290780141844,0.8518518518518519,0.3546099290780142,0.037037037037037035,digitized_from_published_figure
P06,Figure 2,c,2.9,183,132.0,61.702127659574465,0.4814814814814815,0.3546099290780142,0.037037037037037035,digitized_from_published_figure
P06,Figure 2,c,2.9,185,132.0,62.4113475177305,0.4814814814814815,0.3546099290780142,0.037037037037037035,digitized_from_published_figure
P06,Figure 2,c,2.9,187,129.0,63.12056737588653,0.5925925925925926,0.3546099290780142,0.037037037037037035,digitized_from_published_figure
P06,Figure 2,c,2.9,189,134.0,63.829787234042556,0.40740740740740744,0.3546099290780142,0.037037037037037035,digitized_from_published_figure
P06,Figure 2,c,2.9,191,134.0,64.53900709219859,0.40740740740740744,0.3546099290780142,0.037037037037037035,digitized_from_published_figure
P06,Figure 2,c,2.9,193,131.0,65.24822695035462,0.5185185185185185,0.3546099290780142,0.037037037037037035,digitized_from_published_figure
P06,Figure 2,c,2.9,195,129.0,65.95744680851064,0.5925925925925926,0.3546099290780142,0.037037037037037035,digitized_from_published_figure
P06,Figure 2,c,2.9,197,133.0,66.66666666666666,0.4444444444444445,0.3546099290780142,0.037037037037037035,digitized_from_published_figure
P06,Figure 2,c,2.9,199,131.0,67.37588652482269,0.5185185185185185,0.3546099290780142,0.037037037037037035,digitized_from_published_figure
P06,Figure 2,c,2.9,201,130.0,68.08510638297872,0.5555555555555556,0.3546099290780142,0.037037037037037035,digitized_from_published_figure
P06,Figure 2,c,2.9,203,133.0,68.79432624113475,0.4444444444444445,0.3546099290780142,0.037037037037037035,digitized_from_published_figure
P06,Figure 2,c,2.9,205,126.0,69.50354609929079,0.7037037037037037,0.3546099290780142,0.037037037037037035,digitized_from_published_figure
P06,Figure 2,c,2.9,207,127.0,70.2127659574468,0.6666666666666666,0.3546099290780142,0.037037037037037035,digitized_from_published_figure
P06,Figure 2,c,2.9,209,131.0,70.92198581560284,0.5185185185185185,0.3546099290780142,0.037037037037037035,digitized_from_published_figure
P06,Figure 2,c,2.9,211,128.0,71.63120567375887,0.6296296296296295,0.3546099290780142,0.037037037037037035,digitized_from_published_figure
P06,Figure 2,c,2.9,213,135.0,72.3404255319149,0.37037037037037035,0.3546099290780142,0.037037037037037035,digitized_from_published_figure
P06,Figure 2,c,2.9,215,132.0,73.04964539007092,0.4814814814814815,0.3546099290780142,0.037037037037037035,digitized_from_published_figure
P06,Figure 2,c,2.9,217,133.0,73.75886524822694,0.4444444444444445,0.3546099290780142,0.037037037037037035,digitized_from_published_figure
P06,Figure 2,c,2.9,219,132.0,74.46808510638297,0.4814814814814815,0.3546099290780142,0.037037037037037035,digitized_from_published_figure
P06,Figure 2,c,2.9,221,133.0,75.177304964539,0.4444444444444445,0.3546099290780142,0.037037037037037035,digitized_from_published_figure
P06,Figure 2,c,2.9,223,130.0,75.88652482269504,0.5555555555555556,0.3546099290780142,0.037037037037037035,digitized_from_published_figure
P06,Figure 2,c,2.9,225,131.0,76.59574468085107,0.5185185185185185,0.3546099290780142,0.037037037037037035,digitized_from_published_figure
P06,Figure 2,c,2.9,227,135.0,77.30496453900709,0.37037037037037035,0.3546099290780142,0.037037037037037035,digitized_from_published_figure
P06,Figure 2,c,2.9,229,133.0,78.01418439716312,0.4444444444444445,0.3546099290780142,0.037037037037037035,digitized_from_published_figure
P06,Figure 2,c,2.9,231,135.0,78.72340425531915,0.37037037037037035,0.3546099290780142,0.037037037037037035,digitized_from_published_figure
P06,Figure 2,c,2.9,233,134.0,79.43262411347519,0.40740740740740744,0.3546099290780142,0.037037037037037035,digitized_from_published_figure
P06,Figure 2,c,2.9,235,133.0,80.1418439716312,0.4444444444444445,0.3546099290780142,0.037037037037037035,digitized_from_published_figure
P06,Figure 2,c,2.9,237,132.0,80.85106382978722,0.4814814814814815,0.3546099290780142,0.037037037037037035,digitized_from_published_figure
P06,Figure 2,c,2.9,239,134.0,81.56028368794325,0.40740740740740744,0.3546099290780142,0.037037037037037035,digitized_from_published_figure
P06,Figure 2,c,2.9,241,132.0,82.26950354609929,0.4814814814814815,0.3546099290780142,0.037037037037037035,digitized_from_published_figure
P06,Figure 2,c,2.9,243,127.0,82.97872340425532,0.6666666666666666,0.3546099290780142,0.037037037037037035,digitized_from_published_figure
P06,Figure 2,c,2.9,245,132.0,83.68794326241135,0.4814814814814815,0.3546099290780142,0.037037037037037035,digitized_from_published_figure
P06,Figure 2,c,2.9,247,131.0,84.39716312056737,0.5185185185185185,0.3546099290780142,0.037037037037037035,digitized_from_published_figure
P06,Figure 2,c,2.9,249,130.0,85.1063829787234,0.5555555555555556,0.3546099290780142,0.037037037037037035,digitized_from_published_figure
P06,Figure 2,c,2.9,251,134.0,85.81560283687944,0.40740740740740744,0.3546099290780142,0.037037037037037035,digitized_from_published_figure
P06,Figure 2,c,2.9,253,131.0,86.52482269503547,0.5185185185185185,0.3546099290780142,0.037037037037037035,digitized_from_published_figure
P06,Figure 2,c,2.9,255,129.0,87.2340425531915,0.5925925925925926,0.3546099290780142,0.037037037037037035,digitized_from_published_figure
P06,Figure 2,c,2.9,257,130.0,87.94326241134752,0.5555555555555556,0.3546099290780142,0.037037037037037035,digitized_from_published_figure
P06,Figure 2,c,2.9,259,130.0,88.65248226950354,0.5555555555555556,0.3546099290780142,0.037037037037037035,digitized_from_published_figure
P06,Figure 2,c,2.9,261,131.0,89.36170212765957,0.5185185185185185,0.3546099290780142,0.037037037037037035,digitized_from_published_figure
P06,Figure 2,c,2.9,263,130.0,90.0709219858156,0.5555555555555556,0.3546099290780142,0.037037037037037035,digitized_from_published_figure
P06,Figure 2,c,2.9,265,133.0,90.78014184397163,0.4444444444444445,0.3546099290780142,0.037037037037037035,digitized_from_published_figure
P06,Figure 2,c,2.9,267,137.0,91.48936170212765,0.2962962962962963,0.3546099290780142,0.037037037037037035,digitized_from_published_figure
P06,Figure 2,c,2.9,269,136.0,92.19858156028369,0.3333333333333333,0.3546099290780142,0.037037037037037035,digitized_from_published_figure
P06,Figure 2,c,2.9,271,133.0,92.90780141843972,0.4444444444444445,0.3546099290780142,0.037037037037037035,digitized_from_published_figure
P06,Figure 2,c,2.9,273,136.0,93.61702127659575,0.3333333333333333,0.3546099290780142,0.037037037037037035,digitized_from_published_figure
P06,Figure 2,c,2.9,275,134.0,94.32624113475178,0.40740740740740744,0.3546099290780142,0.037037037037037035,digitized_from_published_figure
P06,Figure 2,c,2.9,277,135.0,95.0354609929078,0.37037037037037035,0.3546099290780142,0.037037037037037035,digitized_from_published_figure
P06,Figure 2,c,2.9,279,134.0,95.74468085106383,0.40740740740740744,0.3546099290780142,0.037037037037037035,digitized_from_published_figure
P06,Figure 2,c,2.9,281,135.0,96.45390070921985,0.37037037037037035,0.3546099290780142,0.037037037037037035,digitized_from_published_figure
P06,Figure 2,c,2.9,283,135.0,97.16312056737588,0.37037037037037035,0.3546099290780142,0.037037037037037035,digitized_from_published_figure
P06,Figure 2,c,2.9,285,135.0,97.87234042553192,0.37037037037037035,0.3546099290780142,0.037037037037037035,digitized_from_published_figure
P06,Figure 2,c,2.9,287,132.0,98.58156028368793,0.4814814814814815,0.3546099290780142,0.037037037037037035,digitized_from_published_figure
P06,Figure 2,c,2.9,289,134.0,99.29078014184397,0.40740740740740744,0.3546099290780142,0.037037037037037035,digitized_from_published_figure
P06,Figure 2,c,2.9,291,132.0,100.0,0.4814814814814815,0.3546099290780142,0.037037037037037035,digitized_from_published_figure
